Rotation Data (1D Kymograph Signal [radians vs time]),
1mM/1mM_leu1m_1.tif,
20170413 17:11:32.860,
,
time (ms),cell0,
0.0,274.839031034
16.0,280.24540376
33.0,239.974456547
50.0,297.689204393
67.0,307.224672193
84.0,266.38586909
101.0,263.431316241
118.0,310.73695366
135.0,311.166240608
152.0,311.823440075
169.0,306.76439738
186.0,252.260042818
203.0,243.982790032
219.0,187.774461961
236.0,303.217323897
253.0,297.104773049
270.0,239.500506432
287.0,287.504253864
304.0,310.773913444
321.0,311.959688543
338.0,310.222393632
355.0,297.335523784
372.0,309.503048378
389.0,253.269242184
406.0,250.359679211
423.0,152.911365623
439.0,293.74752594
456.0,299.703288126
473.0,259.489117117
490.0,235.361201762
507.0,310.45325075
524.0,311.902471204
541.0,311.210816414
558.0,308.147346255
575.0,303.067137131
592.0,272.288154126
609.0,134.410694529
626.0,298.508573061
643.0,302.506159485
659.0,292.982286131
676.0,290.739985245
693.0,249.84100447
710.0,274.696569207
727.0,287.834022198
744.0,300.528431083
761.0,304.699260467
778.0,310.839806657
795.0,311.773909141
812.0,311.024809432
829.0,307.537904768
846.0,309.113340058
862.0,307.752580056
879.0,280.606422176
896.0,308.074396496
913.0,307.928099098
930.0,310.017447555
947.0,310.089431314
964.0,310.498958426
981.0,311.328203447
998.0,311.23119633
1015.0,303.543397255
1032.0,266.293487993
1049.0,258.130208292
1066.0,217.910916326
1082.0,273.165528557
1099.0,308.615494256
1116.0,308.746514231
1133.0,287.369272604
1150.0,290.801763786
1167.0,293.805697175
1184.0,310.993925349
1201.0,310.353543662
1218.0,311.613608363
1235.0,310.311517081
1252.0,309.878201431
1269.0,281.183884725
1286.0,302.531606396
1302.0,311.090654656
1319.0,312.10827473
1336.0,310.147493142
1353.0,250.837573898
1370.0,238.165834147
1387.0,254.389271464
1404.0,309.255310982
1421.0,257.910641888
1438.0,234.595406661
1455.0,311.063287674
1472.0,312.026011378
1489.0,310.893867886
1506.0,292.929998151
1522.0,276.7230551
1539.0,202.297531729
1556.0,300.358146042
1573.0,304.016484126
1590.0,263.906885347
1607.0,281.144805512
1624.0,300.613547779
1641.0,310.668534923
1658.0,312.100003792
1675.0,310.270823769
1692.0,291.945212931
1709.0,283.484341998
1725.0,296.306923212
1742.0,294.829839781
1759.0,294.848350773
1776.0,253.022413966
1793.0,294.856104702
1810.0,310.837001809
1827.0,311.191191334
1844.0,310.66187699
1861.0,273.414990392
1878.0,250.040367454
1895.0,136.439069108
1912.0,303.89351576
1929.0,307.28551781
1945.0,130.091621916
1962.0,254.314482479
1979.0,263.202516622
1996.0,255.395452288
2013.0,288.155873108
2030.0,306.554950834
2047.0,286.306749624
2064.0,264.17266659
2081.0,274.210329895
2098.0,308.122833425
2115.0,306.724807022
2132.0,306.959848426
2149.0,311.086960304
2165.0,227.17176856
2182.0,238.353169764
2199.0,284.09394047
2216.0,260.039520587
2233.0,118.945316616
2250.0,280.08551996
2267.0,304.165201386
2284.0,299.955928777
2301.0,302.157937536
2318.0,291.852745919
2335.0,215.693000492
2352.0,309.599952022
2369.0,310.265617472
2385.0,311.180774931
2402.0,307.139934783
2419.0,249.250340357
2436.0,105.947837913
2453.0,284.339996322
2470.0,308.8724105
2487.0,282.321912379
2504.0,268.589158691
2521.0,310.166271452
2538.0,311.347741965
2555.0,311.414679021
2572.0,309.979657891
2588.0,286.071480496
2605.0,267.264968717
2622.0,199.600518612
2639.0,297.633285265
2656.0,309.713657399
2673.0,311.173642887
2690.0,307.942005229
2707.0,303.103391331
2724.0,302.391184891
2741.0,299.453446351
2758.0,299.488335156
2775.0,288.427286473
2792.0,276.778708515
2808.0,310.177886724
2825.0,311.483709752
2842.0,309.604603503
2859.0,291.382478579
2876.0,250.999107498
2893.0,219.777995468
2910.0,306.16733397
2927.0,310.510576784
2944.0,298.411801097
2961.0,233.157217019
2978.0,297.248738912
2995.0,310.14159565
3012.0,310.190892495
3028.0,310.499698065
3045.0,310.530794663
3062.0,311.560042726
3079.0,311.726279549
3096.0,311.675712392
3113.0,311.168892622
3130.0,259.404015456
3147.0,306.889773429
3164.0,310.179161981
3181.0,309.528051932
3198.0,306.327314047
3215.0,302.267952702
3231.0,283.634984535
3248.0,306.391930838
3265.0,310.855660573
3282.0,311.065788361
3299.0,307.666023411
3316.0,251.168497542
3333.0,139.518848064
3350.0,301.394950254
3367.0,307.4389794
3384.0,277.52048702
3401.0,309.365602803
3418.0,310.8951482
3435.0,311.700113655
3451.0,308.349570131
3468.0,307.051151386
3485.0,258.619599644
3502.0,301.568711557
3519.0,310.099301454
3536.0,305.881955329
3553.0,50.2727614851
3570.0,229.721839556
3587.0,300.900335447
3604.0,309.48590534
3621.0,307.663418843
3638.0,238.581759999
3655.0,302.81650644
3671.0,310.136121672
3688.0,308.197282164
3705.0,46.1500869681
3722.0,234.587520353
3739.0,303.217746756
3756.0,309.684229734
3773.0,306.483615363
3790.0,261.794049013
3807.0,307.376873383
3824.0,310.251759482
3841.0,309.251716215
3858.0,58.4315674194
3875.0,242.013642811
3891.0,303.991971083
3908.0,309.838786131
3925.0,305.347396311
3942.0,242.203737655
3959.0,306.884968367
3976.0,310.151231528
3993.0,309.427282576
4010.0,177.772930235
4027.0,262.819743239
4044.0,307.91059035
4061.0,310.069582611
4078.0,267.153925481
4094.0,261.25014051
4111.0,307.841601263
4128.0,310.009937469
4145.0,308.811029589
4162.0,118.118976536
4179.0,242.77368062
4196.0,306.767212237
4213.0,309.910499972
4230.0,273.550581075
4247.0,249.126423305
4264.0,303.801265176
4281.0,310.202770787
4298.0,309.382103047
4314.0,118.800656641
4331.0,244.786879858
4348.0,308.235700956
4365.0,309.894066671
4382.0,287.946911927
4399.0,259.191644234
4416.0,307.073999889
4433.0,310.240272697
4450.0,309.918443842
4467.0,90.2877319924
4484.0,258.718683506
4501.0,309.500951885
4518.0,310.373099528
4534.0,298.594996076
4551.0,257.737022576
4568.0,308.668219365
4585.0,310.24382758
4602.0,308.610190267
4619.0,65.2721107661
4636.0,248.323742485
4653.0,309.883248339
4670.0,310.276665666
4687.0,302.439143308
4704.0,284.880135749
4721.0,310.086246908
4738.0,310.167783713
4754.0,301.212558209
4771.0,310.971908751
4788.0,311.300759502
4805.0,311.869499563
4822.0,309.65030185
4839.0,266.508337805
4856.0,204.263983398
4873.0,309.255677321
4890.0,309.661087003
4907.0,300.929327026
4924.0,257.823383961
4941.0,310.339503852
4957.0,312.162783265
4974.0,311.104232719
4991.0,305.562490114
5008.0,286.425788951
5025.0,249.673392682
5042.0,297.624948048
5059.0,295.631413269
5076.0,280.465789274
5093.0,289.724300564
5110.0,311.492834576
5127.0,312.234199327
5144.0,310.209392058
5161.0,271.700252726
5177.0,235.342472086
5194.0,300.984800238
5211.0,306.56694191
5228.0,286.33190545
5245.0,290.66733294
5262.0,310.631485362
5279.0,312.256311926
5296.0,311.066021504
5313.0,306.048194894
5330.0,300.785059047
5347.0,254.292610284
5364.0,299.840125223
5381.0,305.702844231
5397.0,237.768550432
5414.0,258.868237653
5431.0,311.354409215
5448.0,311.209802446
5465.0,311.345203048
5482.0,309.211766096
5499.0,304.464695312
5516.0,289.727411066
5533.0,282.712405549
5550.0,223.890155137
5567.0,305.686089489
5584.0,308.993570734
5601.0,292.375651354
5617.0,297.099059342
5634.0,213.626613013
5651.0,300.336611794
5668.0,310.910879989
5685.0,311.912951428
5702.0,311.762414331
5719.0,310.638896552
5736.0,311.185389794
5753.0,308.554857933
5770.0,311.953730619
5787.0,309.852690845
5804.0,275.182638037
5820.0,220.073497258
5837.0,302.754364201
5854.0,306.381506375
5871.0,287.167851139
5888.0,278.697500017
5905.0,306.227450074
5922.0,311.050484586
5939.0,311.802553947
5956.0,311.004212717
5973.0,307.644204496
5990.0,288.970469744
6007.0,262.174558678
6024.0,243.061825868
6040.0,287.895577639
6057.0,305.489046646
6074.0,241.059386067
6091.0,157.856859993
6108.0,304.470814567
6125.0,310.726560527
6142.0,303.734234711
6159.0,301.245229312
6176.0,239.188026293
6193.0,311.413307727
6210.0,310.539969699
6227.0,311.80984282
6244.0,311.231298328
6260.0,309.88128054
6277.0,264.27133295
6294.0,198.57893706
6311.0,172.793823909
6328.0,307.710169039
6345.0,310.966633104
6362.0,295.520101707
6379.0,242.227472191
6396.0,307.677788498
6413.0,310.523063592
6430.0,311.002545207
6447.0,311.640253207
6463.0,310.823733202
6480.0,310.617039428
6497.0,310.365598677
6514.0,310.974261252
6531.0,286.314278847
6548.0,296.495428778
6565.0,309.304135794
6582.0,311.553437096
6599.0,311.601556615
6616.0,309.696325361
6633.0,299.750724762
6650.0,279.121809199
6667.0,215.316773545
6683.0,293.894391366
6700.0,302.472022891
6717.0,252.688245431
6734.0,291.400531096
6751.0,288.65751537
6768.0,310.746049465
6785.0,310.475962025
6802.0,311.316752054
6819.0,310.162964627
6836.0,309.466528574
6853.0,307.156745572
6870.0,283.38266435
6887.0,188.274524808
6903.0,158.94098167
6920.0,302.244864392
6937.0,304.455303224
6954.0,311.630324934
6971.0,310.776190323
6988.0,305.337699154
7005.0,305.684427708
7022.0,284.362797249
7039.0,271.459477939
7056.0,309.659764288
7073.0,310.46116597
7090.0,311.474365654
7107.0,311.902426389
7123.0,309.942961132
7140.0,304.431283381
7157.0,301.075494784
7174.0,297.559643541
7191.0,283.55475632
7208.0,289.830070009
7225.0,208.393415738
7242.0,254.720965197
7259.0,308.351204655
7276.0,309.975408986
7293.0,303.105071062
7310.0,295.222273534
7326.0,261.339812978
7343.0,310.971738669
7360.0,310.706891916
7377.0,311.721018106
7394.0,311.360347856
7411.0,311.019901239
7428.0,310.555088444
7445.0,307.905399096
7462.0,309.774293771
7479.0,308.997872513
7496.0,280.531632346
7513.0,185.118918793
7530.0,302.073774472
7546.0,309.97166905
7563.0,284.97177832
7580.0,270.611705631
7597.0,279.287540798
7614.0,310.372017333
7631.0,311.366697593
7648.0,309.345682315
7665.0,296.141985118
7682.0,308.746239011
7699.0,310.040665153
7716.0,311.166363953
7733.0,309.140621429
7750.0,311.667185059
7766.0,308.910598173
7783.0,278.978058738
7800.0,270.840992675
7817.0,272.599389533
7834.0,294.223517908
7851.0,250.291582759
7868.0,283.401945778
7885.0,310.619886407
7902.0,310.466654432
7919.0,308.67915341
7936.0,310.135598398
7953.0,308.516730401
7970.0,283.828592373
7986.0,228.765807511
8003.0,296.183763378
8020.0,309.135811122
8037.0,308.574887723
8054.0,239.771912295
8071.0,305.31070369
8088.0,310.351131149
8105.0,305.119149648
8122.0,308.84816536
8139.0,229.157356337
8156.0,286.74579705
8173.0,309.681422468
8189.0,310.158153736
8206.0,264.596075003
8223.0,290.02840267
8240.0,308.313941287
8257.0,311.495014524
8274.0,310.821512749
8291.0,304.137648808
8308.0,269.601846157
8325.0,219.312296391
8342.0,304.801147844
8359.0,303.566380141
8376.0,248.887212109
8393.0,278.644825681
8409.0,309.858091302
8426.0,311.443200397
8443.0,311.245381092
8460.0,308.610542271
8477.0,263.440946541
8494.0,251.430251889
8511.0,252.946445224
8528.0,256.966155997
8545.0,282.571744047
8562.0,257.966273943
8579.0,305.840428599
8596.0,309.425040135
8613.0,312.085864904
8629.0,310.834602286
8646.0,303.902220779
8663.0,265.181887726
8680.0,208.365908901
8697.0,295.264768044
8714.0,285.209825631
8731.0,223.211229651
8748.0,249.871837553
8765.0,310.762723672
8782.0,310.327421898
8799.0,311.027041921
8816.0,311.028445053
8833.0,310.994266208
8849.0,307.871054481
8866.0,306.098987142
8883.0,309.459629161
8900.0,310.343937731
8917.0,302.384551131
8934.0,300.554972504
8951.0,271.222496549
8968.0,308.757695177
8985.0,310.497080021
9002.0,311.577454719
9019.0,306.531084408
9036.0,260.863891738
9052.0,185.1312239
9069.0,284.867868135
9086.0,297.764352687
9103.0,245.792878206
9120.0,217.776123833
9137.0,308.321547743
9154.0,310.224522765
9171.0,311.337999394
9188.0,309.664444712
9205.0,307.09440995
9222.0,264.168229858
9239.0,258.564983101
9256.0,273.877983067
9272.0,296.956886484
9289.0,240.370597278
9306.0,226.822930419
9323.0,237.114780924
9340.0,310.863879891
9357.0,311.201278022
9374.0,311.508728327
9391.0,307.456506732
9408.0,252.454955675
9425.0,213.354445689
9442.0,236.305606614
9459.0,304.412253939
9476.0,303.365620254
9492.0,266.04543483
9509.0,268.669201427
9526.0,310.200046563
9543.0,311.113841527
9560.0,312.05298511
9577.0,310.606523183
9594.0,307.300983895
9611.0,257.339093154
9628.0,193.343245365
9645.0,216.022958282
9662.0,306.75208885
9679.0,298.59902997
9695.0,270.867412113
9712.0,272.153828979
9729.0,310.735748733
9746.0,311.194814675
9763.0,311.468874724
9780.0,309.906514822
9797.0,282.916187699
9814.0,294.038894643
9831.0,251.415255862
9848.0,301.788804391
9865.0,299.625547771
9882.0,296.78170529
9899.0,248.839648
9915.0,310.534417207
9932.0,311.369164149
9949.0,311.083354405
9966.0,307.654941417
9983.0,274.630452123
10000.0,179.178117221
10017.0,297.184303564
10034.0,308.522585632
10051.0,291.087285489
10068.0,293.388364393
10085.0,310.5283996
10102.0,310.045217762
10119.0,311.370961801
10135.0,310.551349223
10152.0,305.974278456
10169.0,288.950659337
10186.0,265.998274364
10203.0,306.317228924
10220.0,309.165478445
10237.0,306.31792427
10254.0,280.129890792
10271.0,288.320084948
10288.0,309.068385211
10305.0,310.2933465
10322.0,311.898548328
10339.0,310.484408483
10355.0,308.91451333
10372.0,291.897856232
10389.0,277.805477842
10406.0,250.02464788
10423.0,217.888352707
10440.0,303.141385578
10457.0,309.227444736
10474.0,310.268067762
10491.0,300.939933691
10508.0,255.309611855
10525.0,283.777679741
10542.0,309.825360491
10558.0,311.27323467
10575.0,310.581589755
10592.0,309.614240941
10609.0,247.158353879
10626.0,281.146734013
10643.0,179.456337487
10660.0,122.238047963
10677.0,307.698026594
10694.0,310.583783317
10711.0,303.708135188
10728.0,285.231786234
10745.0,278.535882586
10762.0,310.673290641
10778.0,311.64100527
10795.0,311.5810226
10812.0,309.994299233
10829.0,252.054339186
10846.0,223.812366055
10863.0,292.368128033
10880.0,309.47306908
10897.0,300.931649789
10914.0,286.724156846
10931.0,305.533980723
10948.0,310.351899772
10965.0,312.11126972
10982.0,310.704858167
10998.0,309.36302803
11015.0,287.070522597
11032.0,310.005598356
11049.0,309.70992593
11066.0,305.330033241
11083.0,310.175384177
11100.0,258.948036719
11117.0,232.624443733
11134.0,235.143035353
11151.0,307.603126073
11168.0,294.735173228
11185.0,175.913488328
11202.0,309.873633309
11218.0,311.772184263
11235.0,308.813597054
11252.0,263.719673752
11269.0,236.32198528
11286.0,298.824626318
11303.0,308.5902177
11320.0,266.405230078
11337.0,242.654085942
11354.0,310.575706759
11371.0,311.51968416
11388.0,310.581120557
11405.0,276.009035046
11421.0,283.190862458
11438.0,202.55281135
11455.0,300.085229603
11472.0,301.376013056
11489.0,289.129246268
11506.0,244.130928471
11523.0,310.148961939
11540.0,310.248483235
11557.0,311.612272385
11574.0,309.747935921
11591.0,280.935031391
11608.0,250.739416891
11625.0,112.951896457
11641.0,292.95006757
11658.0,307.396699372
11675.0,285.793287089
11692.0,301.360078721
11709.0,310.368348709
11726.0,310.084397125
11743.0,310.984277522
11760.0,305.451310599
11777.0,310.773449616
11794.0,307.653596421
11811.0,239.671786878
11828.0,251.911571047
11845.0,271.347640304
11861.0,259.915619147
11878.0,122.958619387
11895.0,74.1481673924
11912.0,307.72872226
11929.0,309.110473697
11946.0,268.235438697
11963.0,236.858861492
11980.0,309.457030074
11997.0,309.117767864
12014.0,310.028948822
12031.0,310.31252018
12048.0,304.413580716
12065.0,298.831152881
12081.0,251.312577708
12098.0,230.405113837
12115.0,181.781431421
12132.0,289.614061298
12149.0,308.023258571
12166.0,310.935199218
12183.0,310.381190431
12200.0,309.852141797
12217.0,306.731383235
12234.0,304.20572743
12251.0,261.73638637
12268.0,296.030904913
12284.0,309.151795862
12301.0,309.367583501
12318.0,308.643804799
12335.0,309.664965432
12352.0,308.729451725
12369.0,309.995062623
12386.0,311.53245209
12403.0,310.267422903
12420.0,311.096939268
12437.0,307.763286705
12454.0,274.938000317
12471.0,238.800727267
12488.0,183.444226336
12504.0,307.490827505
12521.0,302.268587177
12538.0,212.631786104
12555.0,308.355798051
12572.0,310.094291634
12589.0,311.541139583
12606.0,310.416160925
12623.0,293.235178982
12640.0,267.635188168
12657.0,148.38979493
12674.0,293.777947563
12691.0,309.829420831
12708.0,298.860014208
12724.0,245.405884745
12741.0,310.582648619
12758.0,309.811854161
12775.0,311.039128742
12792.0,291.715235124
12809.0,259.03324748
12826.0,131.033847761
12843.0,299.72848062
12860.0,307.312966374
12877.0,285.711481016
12894.0,305.805029378
12911.0,309.726371382
12927.0,310.94742987
12944.0,310.885052963
12961.0,309.889978096
12978.0,305.893969462
12995.0,286.708176039
13012.0,272.733053368
13029.0,183.330082156
13046.0,305.710015554
13063.0,309.072447002
13080.0,282.900110549
13097.0,307.219049233
13114.0,307.89145681
13131.0,311.524213495
13147.0,309.722682098
13164.0,269.70670525
13181.0,206.498184899
13198.0,288.902068226
13215.0,308.611952138
13232.0,296.111313369
13249.0,212.663339511
13266.0,309.913526509
13283.0,309.570653112
13300.0,311.07656993
13317.0,307.409066053
13334.0,273.181193251
13351.0,260.306186739
13367.0,169.46193358
13384.0,299.870567699
13401.0,310.029485154
13418.0,297.182680329
13435.0,249.875654247
13452.0,308.705002696
13469.0,309.463192981
13486.0,311.174533006
13503.0,309.157446766
13520.0,285.683031189
13537.0,263.794105072
13554.0,169.754307378
13571.0,299.525290518
13587.0,310.076392171
13604.0,303.584338823
13621.0,288.832178994
13638.0,256.357384026
13655.0,305.91772428
13672.0,309.357685949
13689.0,309.794337518
13706.0,310.606897933
13723.0,307.865133731
13740.0,247.349085981
13757.0,178.264648498
13774.0,186.808723896
13790.0,303.864348015
13807.0,307.902638966
13824.0,296.355463012
13841.0,201.745809995
13858.0,309.924115751
13875.0,310.351515923
13892.0,310.642498028
13909.0,309.899918436
13926.0,303.342904996
13943.0,253.1560608
13960.0,256.83804654
13977.0,132.069616062
13994.0,309.521891987
14010.0,309.461181573
14027.0,288.421531138
14044.0,260.120985475
14061.0,262.555593994
14078.0,308.409344335
14095.0,310.554710089
14112.0,311.554786165
14129.0,310.247931347
14146.0,295.942089302
14163.0,274.521140253
14180.0,160.840204887
14197.0,297.706435965
14214.0,308.454726256
14230.0,306.874784557
14247.0,279.669775969
14264.0,206.564844535
14281.0,309.996768734
14298.0,311.521393316
14315.0,311.130920603
14332.0,309.91208945
14349.0,292.531949789
14366.0,273.792893031
14383.0,212.965347913
14400.0,197.230444543
14417.0,304.829411306
14434.0,310.727132401
14450.0,309.726873388
14467.0,302.341519507
14484.0,257.183332202
14501.0,301.60302409
14518.0,310.580033442
14535.0,312.01003074
14552.0,311.570143349
14569.0,310.132921436
14586.0,308.042168647
14603.0,241.625874126
14620.0,114.423317582
14637.0,308.098302076
14653.0,306.500060747
14670.0,310.05417036
14687.0,310.309239026
14704.0,293.635494165
14721.0,236.073890825
14738.0,309.526439744
14755.0,310.822128717
14772.0,311.765430725
14789.0,310.91584036
14806.0,308.548271033
14823.0,302.334405439
14840.0,281.486056966
14857.0,279.080614513
14873.0,148.992525969
14890.0,298.294284544
14907.0,309.929247498
14924.0,308.095783838
14941.0,297.986494827
14958.0,223.144314177
14975.0,308.845714087
14992.0,311.364701845
15009.0,311.498003364
15026.0,309.215839995
15043.0,245.195715308
15060.0,174.618569674
15077.0,295.528082532
15093.0,309.421989657
15110.0,301.102743418
15127.0,268.481654071
15144.0,309.954678667
15161.0,309.750154926
15178.0,311.219593908
15195.0,310.578941019
15212.0,308.529163493
15229.0,280.637671478
15246.0,245.447522771
15263.0,276.32401694
15280.0,305.85349102
15297.0,308.395887414
15313.0,300.036883509
15330.0,298.618128592
15347.0,296.974481418
15364.0,310.33723318
15381.0,309.810132024
15398.0,311.640900694
15415.0,309.550622042
15432.0,266.814272525
15449.0,268.272256269
15466.0,261.553445825
15483.0,300.197892859
15500.0,304.061051151
15516.0,233.298994408
15533.0,309.952929053
15550.0,303.304247175
15567.0,311.128424204
15584.0,296.451648627
15601.0,277.036968303
15618.0,238.689013573
15635.0,302.183629721
15652.0,309.419222601
15669.0,300.368343767
15686.0,300.006644868
15703.0,298.578056461
15720.0,308.850657342
15736.0,311.461472751
15753.0,310.741007318
15770.0,309.292396385
15787.0,292.428031378
15804.0,261.686945713
15821.0,223.301760441
15838.0,251.728969621
15855.0,308.295723794
15872.0,301.073245575
15889.0,299.648553407
15906.0,297.079254229
15923.0,309.017970214
15940.0,311.592665419
15956.0,309.671592666
15973.0,294.447837249
15990.0,278.823332764
16007.0,262.611655332
16024.0,303.525151131
16041.0,309.679947342
16058.0,302.797787291
16075.0,260.376321031
16092.0,308.143314599
16109.0,308.099070985
16126.0,311.804796103
16143.0,308.549062029
16159.0,263.217475608
16176.0,224.430098003
16193.0,231.223966535
16210.0,308.145423733
16227.0,265.071342165
16244.0,255.494133333
16261.0,309.154121836
16278.0,310.879517728
16295.0,311.454546473
16312.0,308.89893616
16329.0,248.266034752
16346.0,126.997999774
16363.0,292.109612526
16379.0,308.31380209
16396.0,286.191550118
16413.0,225.469890362
16430.0,281.661745751
16447.0,309.741726072
16464.0,307.081304595
16481.0,170.131755268
16498.0,229.816679823
16515.0,303.230806543
16532.0,310.093265039
16549.0,304.354975431
16566.0,241.543088898
16583.0,305.542313206
16599.0,310.479269639
16616.0,303.654627187
16633.0,48.2333767883
16650.0,238.736144216
16667.0,306.800351021
16684.0,309.774621635
16701.0,273.724567452
16718.0,286.559804812
16735.0,309.701702473
16752.0,307.315863987
16769.0,43.7138598336
16786.0,235.764696532
16803.0,307.19285946
16819.0,309.754126759
16836.0,239.766110317
16853.0,286.936558732
16870.0,310.228418023
16887.0,305.44089666
16904.0,41.515560303
16921.0,228.575923035
16938.0,306.149815803
16955.0,309.702820098
16972.0,308.055216161
16989.0,234.823616106
17006.0,305.151845316
17022.0,310.496205594
17039.0,308.605509422
17056.0,214.432505339
17073.0,241.439373738
17090.0,308.19319287
17107.0,309.781499503
17124.0,298.907598717
17141.0,242.14218969
17158.0,308.471776967
17175.0,309.918792977
17192.0,310.521461365
17209.0,213.457768699
17226.0,265.673985511
17242.0,308.931561567
17259.0,308.470227628
17276.0,230.657757929
17293.0,299.970959845
17310.0,310.209666045
17327.0,306.281022148
17344.0,83.726339058
17361.0,237.175209399
17378.0,308.198247181
17395.0,309.996611442
17412.0,236.261466201
17429.0,262.171204414
17446.0,309.607652355
17462.0,309.597994827
17479.0,310.420470319
17496.0,225.473804551
17513.0,296.132976098
17530.0,309.710014113
17547.0,309.3399728
17564.0,230.124764802
17581.0,297.336055488
17598.0,310.287649016
17615.0,306.908172887
17632.0,54.3977145117
17649.0,230.271232146
17666.0,305.803649504
17682.0,309.698985909
17699.0,233.019722951
17716.0,266.248054825
17733.0,309.677572106
17750.0,309.093935766
17767.0,308.209642256
17784.0,226.638637302
17801.0,285.837638354
17818.0,305.181522998
17835.0,282.236960538
17852.0,133.104201507
17869.0,279.179078702
17885.0,287.335977888
17902.0,236.940554658
17919.0,310.931740388
17936.0,311.393367653
17953.0,311.358426776
17970.0,310.874433353
17987.0,309.682234936
18004.0,290.476682989
18021.0,261.8680965
18038.0,247.217664779
18055.0,301.538645385
18072.0,286.851897852
18089.0,253.827553674
18105.0,287.24808869
18122.0,310.792373095
18139.0,312.179818107
18156.0,310.956782994
18173.0,300.079432113
18190.0,224.702162665
18207.0,117.281380295
18224.0,291.338958967
18241.0,307.526321081
18258.0,250.678253207
18275.0,131.829301283
18292.0,310.987762803
18309.0,310.600468086
18325.0,312.433479506
18342.0,310.737063535
18359.0,301.102251747
18376.0,249.22888056
18393.0,122.966969034
18410.0,133.166491005
18427.0,295.708267941
18444.0,303.063603634
18461.0,306.563168891
18478.0,303.895617804
18495.0,287.020944311
18512.0,284.884624121
18528.0,213.850282918
18545.0,257.439141861
18562.0,254.549496008
18579.0,310.316391646
18596.0,310.451594955
18613.0,312.04229435
18630.0,311.900412596
18647.0,310.909027852
18664.0,310.382208434
18681.0,304.684323911
18698.0,266.434754067
18715.0,238.341819768
18732.0,265.067941962
18748.0,291.475881559
18765.0,309.777228288
18782.0,303.301228497
18799.0,296.529573123
18816.0,286.312360631
18833.0,288.218928943
18850.0,308.252773443
18867.0,310.407603436
18884.0,309.86814001
18901.0,312.009987674
18918.0,310.534448142
18935.0,309.656600856
18952.0,256.574574864
18968.0,261.361181772
18985.0,124.915845246
19002.0,135.908077901
19019.0,308.168556097
19036.0,304.971203199
19053.0,286.732471057
19070.0,229.636918815
19087.0,308.984397088
19104.0,306.369115798
19121.0,311.423949686
19138.0,309.844689826
19155.0,305.185308247
19172.0,259.940554074
19188.0,208.272993962
19205.0,124.827649819
19222.0,234.91704124
19239.0,309.638320325
19256.0,301.773589473
19273.0,190.650383259
19290.0,307.239379825
19307.0,309.901161804
19324.0,309.969708001
19341.0,310.4748493
19358.0,306.066153196
19375.0,234.697833154
19391.0,139.622449818
19408.0,184.236935835
19425.0,287.8111556
19442.0,269.220469017
19459.0,121.529108459
19476.0,309.207612055
19493.0,311.709478552
19510.0,309.637279616
19527.0,301.439917177
19544.0,233.299534615
19561.0,131.635501362
19578.0,269.340105803
19595.0,304.575602482
19611.0,207.258033899
19628.0,301.181650503
19645.0,309.736967352
19662.0,311.092580855
19679.0,294.374616062
19696.0,243.04768373
19713.0,101.385368942
19730.0,218.616461636
19747.0,281.069528338
19764.0,308.486462711
19781.0,307.860315254
19798.0,290.262199199
19815.0,284.787711917
19831.0,284.639572956
19848.0,310.498993566
19865.0,311.217535199
19882.0,309.591345958
19899.0,260.244722932
19916.0,239.052948583
19933.0,277.418913705
19950.0,306.576527095
19967.0,214.020980649
19984.0,180.932443446
20001.0,311.109127079
20018.0,310.929580536
20035.0,311.972856381
20051.0,310.426052008
20068.0,296.013009507
20085.0,280.573078895
20102.0,161.28767788
20119.0,293.182102803
20136.0,297.612214442
20153.0,295.697274202
20170.0,270.942583462
20187.0,276.048339235
20204.0,283.909560854
20221.0,310.47593019
20238.0,311.811836388
20254.0,310.991899414
20271.0,308.872313697
20288.0,281.130775008
20305.0,293.354510918
20322.0,224.308112754
20339.0,294.620299786
20356.0,306.892835417
20373.0,286.175458666
20390.0,274.277245723
20407.0,308.423500064
20424.0,310.98297682
20441.0,311.435539735
20458.0,310.492473891
20474.0,284.788673073
20491.0,246.087900117
20508.0,191.063157463
20525.0,277.033407703
20542.0,245.41713925
20559.0,291.753592523
20576.0,308.518998159
20593.0,301.936775307
20610.0,234.541480023
20627.0,306.868771007
20644.0,310.502552181
20661.0,306.782239314
20678.0,66.7724135496
20694.0,231.741876233
20711.0,304.367681326
20728.0,309.736164842
20745.0,235.744086483
20762.0,276.801036644
20779.0,309.267527925
20796.0,306.449021686
20813.0,66.4383347244
20830.0,226.700171545
20847.0,293.950397461
20864.0,309.347237354
20881.0,308.606388909
20898.0,232.067261977
20914.0,307.123242606
20931.0,310.09855589
20948.0,309.66312176
20965.0,220.642933389
20982.0,256.387115329
20999.0,308.807984558
21016.0,309.938521107
21033.0,229.170238177
21050.0,303.841462743
21067.0,310.448033455
21084.0,308.049855564
21101.0,94.2715373158
21117.0,233.308693288
21134.0,307.013696615
21151.0,309.946338406
21168.0,249.813289053
21185.0,251.127918806
21202.0,309.306551541
21219.0,309.485572375
21236.0,310.91648819
21253.0,226.482070188
21270.0,276.916240322
21287.0,308.75389723
21304.0,307.219316329
21321.0,230.727983234
21337.0,292.555313976
21354.0,309.343809958
21371.0,308.614284776
21388.0,241.536958222
21405.0,165.71539492
21422.0,236.929634057
21439.0,308.986146774
21456.0,246.620410789
21473.0,309.369889908
21490.0,310.402630985
21507.0,309.604385828
21524.0,253.225749003
21541.0,278.798820439
21557.0,249.464683651
21574.0,307.386704083
21591.0,287.992252929
21608.0,271.043111243
21625.0,309.752352745
21642.0,308.240197276
21659.0,309.240230811
21676.0,261.748878204
21693.0,261.282000755
21710.0,178.741705372
21727.0,302.056504149
21744.0,277.740347507
21760.0,147.243064651
21777.0,309.701153978
21794.0,310.855402382
21811.0,310.624523115
21828.0,292.914761901
21845.0,259.089551499
21862.0,166.524533822
21879.0,306.099453296
21896.0,288.542334531
21913.0,220.970058747
21930.0,310.516978694
21947.0,311.665541476
21964.0,309.42644545
21980.0,253.172478152
21997.0,261.742558493
22014.0,199.257043123
22031.0,277.928654689
22048.0,263.464375504
22065.0,219.3868237
22082.0,308.796966367
22099.0,310.316327161
22116.0,311.641561609
22133.0,310.457223392
22150.0,282.09295153
22167.0,268.789533968
22184.0,145.298342966
22200.0,263.910637684
22217.0,309.667221912
22234.0,299.555508245
22251.0,243.962194848
22268.0,306.976112461
22285.0,310.891741904
22302.0,311.689946486
22319.0,311.529220493
22336.0,303.354440956
22353.0,259.230538079
22370.0,244.490931892
22387.0,194.309601436
22404.0,306.000594176
22420.0,303.090679196
22437.0,260.735803688
22454.0,297.063538293
22471.0,308.682521774
22488.0,310.317372107
22505.0,309.11865788
22522.0,310.318309369
22539.0,304.517653572
22556.0,311.284407432
22573.0,309.888151375
22590.0,280.149969095
22607.0,272.253494177
22623.0,253.111587532
22640.0,299.291720209
22657.0,309.007640189
22674.0,292.345955276
22691.0,199.9782901
22708.0,309.462566704
22725.0,308.836577596
22742.0,309.615861771
22759.0,310.228438453
22776.0,282.887054051
22793.0,272.004784762
22810.0,247.221917953
22827.0,273.987195132
22843.0,303.125700489
22860.0,296.406556145
22877.0,293.597288896
22894.0,310.135402942
22911.0,310.033436845
22928.0,310.91719117
22945.0,311.269585499
22962.0,310.314792764
22979.0,300.720405469
22996.0,264.028184916
23013.0,215.788563542
23030.0,298.406809024
23047.0,301.516246143
23063.0,265.377550431
23080.0,270.834115962
23097.0,310.600047502
23114.0,311.382037352
23131.0,310.681266326
23148.0,307.429340997
23165.0,264.071172507
23182.0,236.66134168
23199.0,291.845505636
23216.0,278.716837272
23233.0,260.773211518
23250.0,243.728919595
23267.0,296.487768623
23283.0,310.756351965
23300.0,310.550324306
23317.0,311.31554546
23334.0,310.220106747
23351.0,289.735871327
23368.0,247.827949968
23385.0,201.196655413
23402.0,268.877955258
23419.0,303.360022021
23436.0,264.319055767
23453.0,197.008971803
23470.0,286.364446363
23486.0,310.488656933
23503.0,311.495369345
23520.0,309.203038415
23537.0,254.059801602
23554.0,282.303806587
23571.0,163.084891167
23588.0,236.774776669
23605.0,288.924329676
23622.0,158.645151054
23639.0,160.632971994
23656.0,308.802836267
23673.0,304.365339924
23690.0,311.949699645
23706.0,311.143459901
23723.0,308.072194633
23740.0,298.665148693
23757.0,245.740465811
23774.0,107.947566985
23791.0,261.205290347
23808.0,285.701402087
23825.0,230.726653232
23842.0,169.773338888
23859.0,223.466310369
23876.0,275.721082217
23893.0,310.034623758
23910.0,311.533415664
23926.0,312.121442105
23943.0,310.539726771
23960.0,304.740610563
23977.0,266.914500689
23994.0,258.953873316
24011.0,150.750217204
24028.0,259.369195254
24045.0,287.944765807
24062.0,231.655178949
24079.0,239.938214709
24096.0,292.726818237
24113.0,311.261827808
24130.0,309.635031414
24146.0,311.517940413
24163.0,309.9736204
24180.0,299.168808071
24197.0,252.389323903
24214.0,196.417721199
24231.0,95.9876624477
24248.0,291.707381969
24265.0,299.81468294
24282.0,297.172211355
24299.0,291.713231374
24316.0,278.124263162
24333.0,250.240678254
24349.0,279.320666905
24366.0,310.618761957
24383.0,307.179088904
24400.0,310.775849791
24417.0,312.411271019
24434.0,311.557401732
24451.0,310.287649623
24468.0,303.89779563
24485.0,271.879363265
24502.0,200.339069308
24519.0,152.437968507
24536.0,261.479569224
24553.0,283.141567626
24569.0,169.192495776
24586.0,227.309950638
24603.0,305.087576478
24620.0,310.181998411
24637.0,311.575353778
24654.0,310.14886432
24671.0,306.494657936
24688.0,289.477124357
24705.0,281.349230932
24722.0,206.413668051
24739.0,284.890404203
24756.0,307.057364876
24773.0,256.7470633
24789.0,243.364355623
24806.0,263.208303429
24823.0,308.951669672
24840.0,310.911605761
24857.0,310.948848716
24874.0,306.730508585
24891.0,312.698513601
24908.0,311.079465045
24925.0,310.033007467
24942.0,299.184483249
24959.0,276.343814326
24976.0,269.430056207
24992.0,168.355353355
25009.0,291.851761191
25026.0,288.841792117
25043.0,304.238605744
25060.0,304.836866619
25077.0,280.270596951
25094.0,295.32790381
25111.0,296.008815209
25128.0,309.856029807
25145.0,312.049194773
25162.0,310.812257069
25179.0,302.350118174
25196.0,262.015287232
25212.0,135.138688049
25229.0,262.60264756
25246.0,297.248645835
25263.0,306.174183636
25280.0,293.782035458
25297.0,239.671024895
25314.0,305.404171689
25331.0,310.175453549
25348.0,310.783654782
25365.0,311.812332641
25382.0,310.695254278
25399.0,310.039909476
25416.0,309.435998247
25432.0,296.688331608
25449.0,272.899171939
25466.0,181.994130593
25483.0,289.659169084
25500.0,300.195944637
25517.0,309.122387494
25534.0,304.348087554
25551.0,303.09735699
25568.0,298.041159273
25585.0,265.281178161
25602.0,291.985921169
25619.0,266.463491511
25636.0,309.859565378
25652.0,309.70115464
25669.0,310.721396713
25686.0,311.143655814
25703.0,311.794552143
25720.0,310.683182632
25737.0,310.565894795
25754.0,310.202313851
25771.0,307.345395621
25788.0,275.031118498
25805.0,226.184723181
25822.0,164.897697148
25839.0,292.566402798
25855.0,297.794452348
25872.0,308.298470712
25889.0,304.278645059
25906.0,280.885837847
25923.0,282.999505999
25940.0,221.940435502
25957.0,310.776967395
25974.0,307.763280668
25991.0,310.593853295
26008.0,310.553321582
26025.0,311.796529923
26042.0,311.466403268
26059.0,311.202984489
26075.0,311.191723788
26092.0,310.765317755
26109.0,310.820738664
26126.0,310.350886938
26143.0,310.575706165
26160.0,310.469125821
26177.0,310.142735722
26194.0,309.590693719
26211.0,309.467168674
26228.0,304.06584532
26245.0,273.357250905
26262.0,230.881632029
26279.0,256.967764375
26295.0,272.34198704
26312.0,306.005049764
26329.0,290.69886408
26346.0,299.83670128
26363.0,299.740652409
26380.0,302.470640357
26397.0,310.033220221
26414.0,304.536459299
26431.0,312.073916147
26448.0,309.993865297
26465.0,308.308241236
26482.0,270.188156455
26499.0,213.02366344
26515.0,223.961616555
26532.0,290.533947304
26549.0,262.802015761
26566.0,299.62994921
26583.0,266.16407373
26600.0,282.314009573
26617.0,259.338257938
26634.0,309.909062821
26651.0,307.290082528
26668.0,304.844249982
26685.0,310.952694179
26702.0,310.5011453
26718.0,308.950251403
26735.0,275.134616368
26752.0,244.492988165
26769.0,179.038698951
26786.0,216.198299056
26803.0,255.569179363
26820.0,284.637823275
26837.0,205.929822411
26854.0,265.583507761
26871.0,308.10453787
26888.0,311.628617248
26905.0,309.821489001
26922.0,299.914158902
26938.0,285.870660487
26955.0,274.365149294
26972.0,157.93939946
26989.0,258.064612613
27006.0,289.307994059
27023.0,282.41348901
27040.0,297.960055401
27057.0,269.456214392
27074.0,243.746153549
27091.0,254.83886809
27108.0,263.380964939
27125.0,309.523324187
27142.0,310.475291886
27158.0,303.976780728
27175.0,310.466419283
27192.0,311.112627658
27209.0,309.851706082
27226.0,309.148961226
27243.0,306.976686072
27260.0,285.632045529
27277.0,265.966879295
27294.0,151.438079088
27311.0,246.166663078
27328.0,283.254083437
27345.0,297.320836159
27362.0,305.040916003
27378.0,270.704593949
27395.0,284.634244938
27412.0,293.132388598
27429.0,303.496781153
27446.0,255.535519406
27463.0,309.985461356
27480.0,309.496371967
27497.0,311.303128501
27514.0,311.663763779
27531.0,311.463975805
27548.0,310.553675724
27565.0,309.426019454
27581.0,278.414375769
27598.0,279.93769716
27615.0,219.588264502
27632.0,266.61715073
27649.0,281.209253509
27666.0,207.440881975
27683.0,300.986688026
27700.0,310.053996334
27717.0,310.492384746
27734.0,310.66643991
27751.0,311.433383642
27768.0,310.863487332
27785.0,309.0979693
27801.0,287.865813411
27818.0,183.557469938
27835.0,233.51229284
27852.0,262.206557996
27869.0,283.484929724
27886.0,258.970090481
27903.0,307.633913878
27920.0,311.239042495
27937.0,311.709369747
27954.0,310.03890308
27971.0,296.486344155
27988.0,273.955140076
28005.0,164.354608734
28021.0,253.653071851
28038.0,299.84907222
28055.0,198.500343598
28072.0,254.520533643
28089.0,296.857670378
28106.0,306.792536912
28123.0,312.422198783
28140.0,309.059536052
28157.0,246.955771887
28174.0,156.085925697
28191.0,201.221215816
28208.0,263.416188464
28224.0,114.797475359
28241.0,130.69293307
28258.0,301.612435428
28275.0,312.275852264
28292.0,309.095375163
28309.0,302.368648164
28326.0,234.805569524
28343.0,150.136395584
28360.0,169.696438886
28377.0,234.167121333
28394.0,224.328213237
28411.0,94.8292236535
28428.0,173.278940583
28444.0,292.399077182
28461.0,306.42307932
28478.0,309.871464906
28495.0,308.597711496
28512.0,307.429366603
28529.0,260.588482632
28546.0,262.636601477
28563.0,173.470332067
28580.0,241.262436943
28597.0,227.933801753
28614.0,242.105760722
28631.0,235.895897352
28648.0,180.357514919
28664.0,131.856160496
28681.0,204.89757229
28698.0,269.844628051
28715.0,310.47188385
28732.0,307.938597319
28749.0,310.221315596
28766.0,310.082603628
28783.0,308.143145398
28800.0,308.711320691
28817.0,264.561672689
28834.0,250.597568713
28851.0,70.5824847854
28868.0,259.377014826
28884.0,251.946357145
28901.0,258.857124783
28918.0,174.781608544
28935.0,304.56194328
28952.0,290.410554281
28969.0,309.664054307
28986.0,303.175094334
29003.0,232.177834802
29020.0,170.392376187
29037.0,63.495346395
29054.0,202.214015322
29071.0,269.840114801
29087.0,255.846882713
29104.0,287.130571866
29121.0,253.338192955
29138.0,242.233206347
29155.0,306.661814797
29172.0,278.707603302
29189.0,292.682515421
29206.0,267.587706094
29223.0,300.830782746
29240.0,235.800619919
29257.0,225.548318646
29274.0,143.920299794
29291.0,42.2601556001
29307.0,102.168214828
29324.0,178.427545011
29341.0,149.711669882
29358.0,284.341624409
29375.0,291.495554804
29392.0,306.370672026
29409.0,283.814687176
29426.0,309.76769375
29443.0,260.223285873
29460.0,230.494251365
29477.0,209.444073107
29494.0,59.3647321009
29511.0,36.9221844229
29527.0,120.115947852
29544.0,143.18573035
29561.0,130.605729487
29578.0,169.436928857
29595.0,228.896632754
29612.0,293.43719516
29629.0,272.0162802
29646.0,68.6663333995
29663.0,304.081957911
29680.0,305.161302983
29697.0,308.436741787
29714.0,283.701082968
29731.0,236.549651132
29747.0,285.769505609
29764.0,287.617164407
29781.0,91.5280220472
29798.0,246.340983661
29815.0,305.701709297
29832.0,309.953259277
29849.0,307.054810359
29866.0,301.132015007
29883.0,285.527593661
29900.0,294.226431646
29917.0,265.800380444
29934.0,310.329645396
29950.0,231.204331975
29967.0,225.004860313
29984.0,107.196737609
30001.0,42.352643218
30018.0,206.904354442
30035.0,225.884204951
30052.0,208.784756217
30069.0,297.219827326
30086.0,299.719842037
30103.0,247.868253753
30120.0,306.94414304
30137.0,248.10930801
30154.0,225.54346596
30170.0,107.893623068
30187.0,132.033060571
30204.0,241.138707953
30221.0,139.523710936
30238.0,299.894856776
30255.0,305.840416192
30272.0,304.286373289
30289.0,309.986095631
30306.0,301.632525387
30323.0,308.977308645
30340.0,297.263242074
30357.0,310.885114475
30374.0,299.786930341
30390.0,261.360015482
30407.0,209.534483511
30424.0,221.237409468
30441.0,298.905773803
30458.0,231.00757892
30475.0,232.742211874
30492.0,309.927919574
30509.0,288.566243072
30526.0,310.222861061
30543.0,303.141548788
30560.0,260.144278305
30577.0,244.609242429
30594.0,128.737966538
30610.0,204.109058194
30627.0,288.710647171
30644.0,228.128719489
30661.0,199.135126528
30678.0,305.05772763
30695.0,307.632501408
30712.0,301.571695844
30729.0,310.038362614
30746.0,295.484094915
30763.0,252.714418301
30780.0,228.8235624
30797.0,209.868851222
30813.0,190.183881564
30830.0,272.430773447
30847.0,298.383999856
30864.0,291.033717662
30881.0,292.093553816
30898.0,288.345140666
30915.0,305.205650118
30932.0,309.239952928
30949.0,306.928994329
30966.0,307.685639927
30983.0,296.788274688
31000.0,249.295698274
31017.0,213.240325494
31033.0,252.68999263
31050.0,293.92719453
31067.0,247.992766141
31084.0,224.58674437
31101.0,309.714351828
31118.0,306.568379814
31135.0,309.893613044
31152.0,307.436711965
31169.0,258.208277932
31186.0,254.229596514
31203.0,256.789560577
31220.0,151.427052456
31237.0,258.884599027
31253.0,285.664033705
31270.0,306.964379322
31287.0,308.87822278
31304.0,308.037676303
31321.0,268.783774409
31338.0,190.436789581
31355.0,280.693599395
31372.0,290.138175631
31389.0,260.788254703
31406.0,251.982171882
31423.0,310.729732911
31440.0,310.481156844
31456.0,311.643335725
31473.0,309.854453561
31490.0,280.509978372
31507.0,288.726996133
31524.0,104.561642388
31541.0,282.470246183
31558.0,309.272277166
31575.0,290.694102741
31592.0,188.638510218
31609.0,307.083251745
31626.0,310.064089611
31643.0,311.956671577
31660.0,310.88203294
31676.0,307.167097297
31693.0,257.72709643
31710.0,125.742854562
31727.0,275.326546084
31744.0,290.91971515
31761.0,308.216933214
31778.0,282.416800383
31795.0,228.179525342
31812.0,259.212918358
31829.0,308.862771423
31846.0,311.720340055
31863.0,311.497592361
31880.0,305.741547622
31896.0,270.48397693
31913.0,124.263994786
31930.0,284.289082746
31947.0,304.237933883
31964.0,195.02912735
31981.0,243.003997764
31998.0,311.297587986
32015.0,310.337154277
32032.0,311.493210272
32049.0,310.038640834
32066.0,296.424213069
32083.0,268.868753124
32100.0,137.080619832
32116.0,295.718269906
32133.0,292.552321216
32150.0,294.366423781
32167.0,281.329430775
32184.0,282.091824795
32201.0,262.35582569
32218.0,310.203996575
32235.0,311.512149442
32252.0,310.507850907
32269.0,306.574039946
32286.0,259.724528618
32303.0,275.787524404
32319.0,191.082308152
32336.0,295.00066537
32353.0,286.370575296
32370.0,238.909089172
32387.0,237.120905571
32404.0,271.366970069
32421.0,309.427581007
32438.0,310.115184281
32455.0,311.825430613
32472.0,311.213489059
32489.0,310.348900664
32506.0,308.657796262
32523.0,291.687530961
32539.0,267.469302183
32556.0,211.56674256
32573.0,202.284733059
32590.0,249.873831186
32607.0,282.467668602
32624.0,303.721168905
32641.0,302.92012651
32658.0,251.121285233
32675.0,283.801221406
32692.0,307.138128196
32709.0,308.645425025
32726.0,311.686111679
32743.0,310.611712098
32759.0,304.584881015
32776.0,280.269568126
32793.0,193.041957541
32810.0,272.416582946
32827.0,298.96947536
32844.0,304.104001507
32861.0,216.181333588
32878.0,226.415336343
32895.0,307.484173341
32912.0,304.793208019
32929.0,311.673954944
32946.0,310.530385652
32963.0,303.02444288
32979.0,230.820156453
32996.0,167.22330957
33013.0,195.429991952
33030.0,281.242297888
33047.0,289.531111395
33064.0,270.04220647
33081.0,256.579939212
33098.0,178.532063809
33115.0,309.62100252
33132.0,311.724795937
33149.0,310.427476102
33166.0,302.786687504
33182.0,257.29566839
33199.0,199.211466297
33216.0,167.868315387
33233.0,301.169814115
33250.0,300.533959462
33267.0,248.314934343
33284.0,272.913171856
33301.0,310.508957264
33318.0,311.45367434
33335.0,311.26772923
33352.0,304.648744853
33369.0,269.774888346
33386.0,207.036895372
33402.0,235.899823584
33419.0,302.480431309
33436.0,306.520275401
33453.0,278.4835984
33470.0,253.935054637
33487.0,268.198460704
33504.0,309.208133381
33521.0,312.030006732
33538.0,311.018167049
33555.0,296.057590875
33572.0,242.665650418
33589.0,219.041827249
33606.0,175.767193329
33622.0,268.694281504
33639.0,291.395528129
33656.0,257.295071833
33673.0,156.477371283
33690.0,307.513638339
33707.0,308.980409445
33724.0,311.3797604
33741.0,310.81184219
33758.0,310.252199426
33775.0,308.888274907
33792.0,276.00025693
33809.0,199.903975188
33826.0,106.610514109
